{"Run":{"0":1,"1":1,"2":1,"3":1,"4":1,"5":1,"6":1,"7":1,"8":1,"9":1,"10":1,"11":1,"12":1,"13":1,"14":1,"15":1,"16":1,"17":1,"18":1,"19":1,"20":1,"21":1,"22":1,"23":1,"24":1,"25":1,"26":1,"27":1,"28":1,"29":1,"30":1,"31":1,"32":1,"33":1,"34":1,"35":1,"36":1,"37":1,"38":1,"39":1,"40":1,"41":1,"42":1,"43":1,"44":1,"45":1,"46":1,"47":1,"48":1,"49":1,"50":1,"51":1,"52":1,"53":1,"54":1,"55":1,"56":1,"57":1,"58":1,"59":1,"60":1,"61":1,"62":1,"63":1,"64":1,"65":1,"66":1,"67":1,"68":1,"69":1,"70":1,"71":1,"72":1,"73":1},"Costs":{"0":1246580.0,"1":1026180.0,"2":930920.0,"3":930170.0,"4":928440.0,"5":923140.0,"6":902840.0,"7":886400.0,"8":879740.0,"9":877640.0,"10":869760.0,"11":855240.0,"12":852480.0,"13":847360.0,"14":840200.0,"15":832020.0,"16":826440.0,"17":814260.0,"18":796500.0,"19":779880.0,"20":778020.0,"21":776880.0,"22":773160.0,"23":762060.0,"24":756480.0,"25":744300.0,"26":741120.0,"27":734420.0,"28":727080.0,"29":725220.0,"30":724080.0,"31":722940.0,"32":719220.0,"33":715500.0,"34":711740.0,"35":707900.0,"36":704060.0,"37":690620.0,"38":690380.0,"39":689420.0,"40":681800.0,"41":677900.0,"42":645980.0,"43":635230.0,"44":635110.0,"45":631270.0,"46":605800.0,"47":572490.0,"48":536890.0,"49":536650.0,"50":533670.0,"51":532480.0,"52":529760.0,"53":529600.0,"54":525740.0,"55":525530.0,"56":516780.0,"57":514060.0,"58":513380.0,"59":509980.0,"60":507790.0,"61":502670.0,"62":502550.0,"63":496550.0,"64":496310.0,"65":495740.0,"66":495050.0,"67":494090.0,"68":493150.0,"69":493030.0,"70":492910.0,"71":492890.0,"72":492070.0,"73":490420.0},"Time":{"0":1.9686310291,"1":1.9866371155,"2":1.9989688396,"3":2.0578241348,"4":2.0907959938,"5":2.1197528839,"6":2.1470990181,"7":2.1773948669,"8":2.2358751297,"9":2.2624788284,"10":2.3123090267,"11":2.3365750313,"12":2.3727087975,"13":2.4225738049,"14":2.4659430981,"15":2.5199759007,"16":2.5471508503,"17":2.5761599541,"18":2.6060099602,"19":2.7018299103,"20":2.7453389168,"21":2.7712080479,"22":2.7919459343,"23":2.8225648403,"24":2.8397681713,"25":2.8645839691,"26":2.9912340641,"27":3.0223071575,"28":3.0538990498,"29":3.1117589474,"30":3.1348848343,"31":3.1615669727,"32":3.1951420307,"33":3.2194800377,"34":3.4275989532,"35":3.5135409832,"36":3.5403871536,"37":3.5740389824,"38":3.6167039871,"39":3.8273200989,"40":3.8794000149,"41":5.6767299175,"42":5.7746140957,"43":6.5165860653,"44":6.6475021839,"45":7.6280379295,"46":9.2553710938,"47":10.1315069199,"48":10.9968531132,"49":21.7078919411,"50":26.8785438538,"51":42.1867768764,"52":45.8503937721,"53":51.5027871132,"54":51.7822709084,"55":61.2433869839,"56":65.2301928997,"57":80.2654538155,"58":93.2181918621,"59":95.9792189598,"60":105.9149718285,"61":108.3555879593,"62":124.8389940262,"63":158.7343800068,"64":500.1606190205,"65":1934.6294629574,"66":2818.1616110802,"67":2983.8807780743,"68":3228.465503931,"69":3566.7369821072,"70":4035.6946589947,"71":4058.9719660282,"72":19915.1061618328,"73":19929.6953289509}}