{"Costs":{"0":11074.5,"1":11074.5,"2":5914.2,"3":5899.0,"4":5883.8,"5":5879.0,"6":5669.7,"7":5650.5,"8":5618.5,"9":5591.0,"10":5580.2,"11":5553.2,"12":5547.5,"13":5540.8,"14":5521.8,"15":5516.1,"16":5512.2,"17":5506.5,"18":5497.7,"19":5488.1,"20":5484.2,"21":5437.4,"22":5382.4,"23":5381.7,"24":5371.0,"25":5364.9,"26":5361.4,"27":5351.8,"28":5336.7,"29":5361.4,"30":5335.5,"31":5333.1,"32":5326.8,"33":5301.1},"Time":{"0":0.8289837837,"1":1.784419775,"2":4.409706831,"3":4.633852005,"4":4.7229437828,"5":4.9409577847,"6":5.0231628418,"7":5.0437238216,"8":7.7591848373,"9":16.1166939735,"10":16.1442859173,"11":16.8779759407,"12":16.9015688896,"13":17.3124477863,"14":17.5619838238,"15":17.6357569695,"16":17.7839598656,"17":17.7919569016,"18":24.572398901,"19":27.7831838131,"20":33.6544508934,"21":41.4192597866,"22":44.0559749603,"23":46.2974348068,"24":47.5641908646,"25":56.4113109112,"26":56.4278628826,"27":56.4382638931,"28":62.0243837833,"29":64.964206934,"30":73.3243949413,"31":80.8391859531,"32":93.5574867725,"33":96.0417208672}}